{
  "tabPane": [
    {
      "title": "Teleop",
      "autoPopulate": false,
      "autoPopulatePrefix": "",
      "widgetPane": {
        "gridSize": 128.0,
        "showGrid": true,
        "hgap": 16.0,
        "vgap": 16.0,
        "tiles": {}
      }
    }
  ],
  "windowGeometry": {
    "x": -7.333333492279053,
    "y": -7.333333492279053,
    "width": 1294.6666259765625,
    "height": 694.6666870117188
  }
}